{
    "ts": {
        "origin": [
            1551884430,
            319805071
        ],
        "received": [
            1551884430,
            319805071
        ]
    },
    "sequence": 1,
    "data": [
        110000,
        0,
        19803.353557866976,
        -0.0337616255389423,
        19695.710266183043,
        -0.03984778907598433,
        19517.737450587178,
        -0.04913938530689034,
        19509.04562956587,
        -0.04958571004393154,
        19502.97014343018,
        -0.049885227181518076,
        19496.262526133334,
        -0.050244806043615343,
        19488.231719840234,
        -0.050649884245541794,
        19489.224492044552,
        -0.0505354398702467,
        19483.842782299602,
        -0.05077406344651049,
        19477.440888847403,
        -0.051061187518889,
        19476.393580828066,
        -0.05110485463594026,
        19835.34290555642,
        -0.02876289002946994,
        19804.649719825044,
        -0.029379021380094992,
        19786.953050599663,
        -0.029711960143128685
    ]
}